<keymap version="1" name="GNOME copy 1" parent="Default for GNOME">
  <action id="$Copy">
    <keyboard-shortcut first-keystroke="ctrl c" />
    <keyboard-shortcut first-keystroke="ctrl insert" />
    <keyboard-shortcut first-keystroke="shift ctrl c" />
  </action>
  <action id="$Redo">
    <keyboard-shortcut first-keystroke="shift ctrl z" />
    <keyboard-shortcut first-keystroke="shift alt back_space" />
    <keyboard-shortcut first-keystroke="ctrl r" />
  </action>
  <action id="ActivateTerminalToolWindow">
    <keyboard-shortcut first-keystroke="alt f12" />
    <keyboard-shortcut first-keystroke="ctrl tab" />
  </action>
  <action id="ChangesView.Move" />
  <action id="CloseContent">
    <keyboard-shortcut first-keystroke="ctrl f4" />
    <keyboard-shortcut first-keystroke="alt w" />
  </action>
  <action id="CollapseAll">
    <keyboard-shortcut first-keystroke="ctrl subtract" />
  </action>
  <action id="CollapseExpandableComponent">
    <keyboard-shortcut first-keystroke="shift enter" />
    <keyboard-shortcut first-keystroke="ctrl subtract" />
  </action>
  <action id="CollapseRegion">
    <keyboard-shortcut first-keystroke="ctrl subtract" />
  </action>
  <action id="CollapsiblePanel-toggle" />
  <action id="Console.TableResult.CopyAggregatorResult" />
  <action id="CopyAbsolutePath" />
  <action id="CopyPaths" />
  <action id="Editor Copy">
    <keyboard-shortcut first-keystroke="shift ctrl c" />
  </action>
  <action id="Editor Redo">
    <keyboard-shortcut first-keystroke="ctrl r" />
  </action>
  <action id="EditorMatchBrace" />
  <action id="Exit">
    <keyboard-shortcut first-keystroke="shift ctrl q" />
  </action>
  <action id="ExternalSystem.CollapseAll">
    <keyboard-shortcut first-keystroke="ctrl subtract" />
  </action>
  <action id="Images.Editor.ZoomOut">
    <keyboard-shortcut first-keystroke="ctrl subtract" />
  </action>
  <action id="Maven.CollapseAll">
    <keyboard-shortcut first-keystroke="ctrl subtract" />
  </action>
  <action id="MinimizeCurrentWindow">
    <keyboard-shortcut first-keystroke="shift ctrl m" />
  </action>
  <action id="MoveLineDown">
    <keyboard-shortcut first-keystroke="alt j" />
  </action>
  <action id="MoveLineUp">
    <keyboard-shortcut first-keystroke="alt k" />
  </action>
  <action id="NextTab">
    <keyboard-shortcut first-keystroke="alt l" />
  </action>
  <action id="PreviousTab">
    <keyboard-shortcut first-keystroke="alt h" />
  </action>
  <action id="QuickPreview" />
  <action id="Replace" />
  <action id="ResetIdeScaleAction" />
  <action id="Scala.ShowImplicits">
    <keyboard-shortcut first-keystroke="shift ctrl alt equals" />
    <keyboard-shortcut first-keystroke="shift ctrl alt add" />
  </action>
  <action id="SelectNextOccurrence" />
  <action id="SplitChooser.SplitCenter" />
  <action id="Switcher">
    <keyboard-shortcut first-keystroke="shift ctrl tab" />
  </action>
  <action id="Terminal.CopySelectedText">
    <keyboard-shortcut first-keystroke="ctrl c" />
    <keyboard-shortcut first-keystroke="ctrl insert" />
  </action>
  <action id="Terminal.SearchInCommandHistory" />
  <action id="ToggleBookmark" />
  <action id="ToggleFullScreen">
    <keyboard-shortcut first-keystroke="alt f11" />
    <keyboard-shortcut first-keystroke="f11" />
  </action>
  <action id="UpdateRunningApplication" />
  <action id="UsageFiltering.ReadAccess" />
  <action id="Vcs.MoveChangedLinesToChangelist" />
  <action id="WelcomeScreen.CopyProjectPath" />
  <action id="XDebugger.MoveWatchDown" />
  <action id="ZoomCurrentWindow">
    <keyboard-shortcut first-keystroke="shift alt z" />
  </action>
  <action id="ZoomInIdeAction">
    <keyboard-shortcut first-keystroke="ctrl plus" />
  </action>
  <action id="ZoomOutIdeAction">
    <keyboard-shortcut first-keystroke="ctrl minus" />
  </action>
  <action id="android.deploy.ApplyChanges">
    <keyboard-shortcut first-keystroke="ctrl f10" />
  </action>
  <action id="android.deploy.CodeSwap">
    <keyboard-shortcut first-keystroke="ctrl alt f10" />
  </action>
  <action id="com.github.setial.intellijjavadocs.action.JavaDocRemoveActionOnEditor" />
</keymap>