<application>
  <component name="GeneralSettings">
    <option name="showTipsOnStartup" value="false" />
    <option name="confirmExit" value="false" />
    <option name="confirmOpenNewProject2" value="1" />
    <option name="processCloseConfirmation" value="TERMINATE" />
  </component>
  <component name="Registry">
    <entry key="ide.experimental.ui" value="true" source="SYSTEM" />
    <entry key="moved.to.new.ui" value="true" source="SYSTEM" />
    <entry key="jdk.updater" value="false" source="SYSTEM" />
  </component>
  <component name="StatusBar">
    <option name="widgets">
      <map>
        <entry key="CodeStyleStatusBarWidget" value="false" />
        <entry key="Encoding" value="false" />
        <entry key="GridAggregator" value="false" />
        <entry key="GridPosition" value="false" />
        <entry key="IdeaVimMacro" value="false" />
        <entry key="InsertOverwrite" value="false" />
        <entry key="JSONSchemaSelector" value="false" />
        <entry key="LanguageServiceStatusBarWidget" value="false" />
        <entry key="LineSeparator" value="false" />
        <entry key="Position" value="false" />
        <entry key="ReadOnlyAttribute" value="false" />
        <entry key="com.tabnine.statusBar.StatusBarPromotionProvider" value="false" />
        <entry key="com.tabnine.statusBar.StatusBarProvider" value="false" />
        <entry key="kotlin.k2.mode" value="false" />
      </map>
    </option>
  </component>
</application>