<application>
  <component name="DimensionService">
    <location key="find.popup.0.0.1366.768" x="447" y="32" />
    <size key="find.popup.0.0.1366.768" width="638" height="736" />
    <size key="GridCell.Tab.0.right.0.0.1366.768" width="1366" height="221" />
    <size key="GridCell.Tab.0.left.0.0.1366.768" width="1366" height="221" />
    <size key="GridCell.Tab.0.center.0.0.1366.768" width="1366" height="221" />
    <size key="GridCell.Tab.0.bottom.0.0.1366.768" width="1366" height="221" />
    <size key="GridCell.Tab.1.left.0.0.1366.768" width="1366" height="221" />
    <size key="GridCell.Tab.1.center.0.0.1366.768" width="1366" height="221" />
    <size key="GridCell.Tab.1.right.0.0.1366.768" width="1366" height="221" />
    <size key="GridCell.Tab.1.bottom.0.0.1366.768" width="1366" height="221" />
  </component>
  <component name="WindowManager">
    <frame x="0" y="0" width="1366" height="768" fullScreen="true" />
  </component>
  <component name="WindowStateApplicationService">
    <state x="683" y="385" width="800" height="650" key="WELCOME_SCREEN" timestamp="1745785955678">
      <screen x="0" y="32" width="1366" height="736" />
    </state>
    <state x="683" y="385" width="800" height="650" key="WELCOME_SCREEN/0.32.1366.736" timestamp="1745785955678" />
    <state width="300" height="518" key="manage.recent.projects.popup" timestamp="1745950116799">
      <screen x="0" y="32" width="1366" height="736" />
    </state>
    <state width="300" height="518" key="manage.recent.projects.popup/0.32.1366.736" timestamp="1745950116799" />
  </component>
</application>